<?xml version="1.0" encoding="UTF-8"?>
<project-private xmlns="http://www.netbeans.org/ns/project-private/1">
    <editor-bookmarks xmlns="http://www.netbeans.org/ns/editor-bookmarks/2" lastBookmarkId="5">
        <file>
            <url>web/addProduct.jsp</url>
            <bookmark id="5">
                <name/>
                <line>41</line>
                <key/>
            </bookmark>
        </file>
    </editor-bookmarks>
    <open-files xmlns="http://www.netbeans.org/ns/projectui-open-files/2">
        <group>
            <file>file:/home/cmrudi/NetBeansProjects/JuraganDiskon/web/catalog.jsp</file>
            <file>file:/home/cmrudi/NetBeansProjects/JuraganDiskon/src/conf/xml-resources/web-service-references/Catalog/wsdl/localhost_8081/MarketplaceWebService/Catalog.wsdl</file>
        </group>
    </open-files>
</project-private>
