<?xml version='1.0' encoding='UTF-8'?><!-- Published by JAX-WS RI (http://jax-ws.java.net). RI's version is Metro/2.3.2-b608 (trunk-7979; 2015-01-21T12:50:19+0000) JAXWS-RI/2.2.11-b150120.1832 JAXWS-API/2.2.12 JAXB-RI/2.2.12-b141219.1637 JAXB-API/2.2.13-b141020.1521 svn-revision#unknown. --><!-- Generated by JAX-WS RI (http://jax-ws.java.net). RI's version is Metro/2.3.2-b608 (trunk-7979; 2015-01-21T12:50:19+0000) JAXWS-RI/2.2.11-b150120.1832 JAXWS-API/2.2.12 JAXB-RI/2.2.12-b141219.1637 JAXB-API/2.2.13-b141020.1521 svn-revision#unknown. --><definitions xmlns:wsu="http://docs.oasis-open.org/wss/2004/01/oasis-200401-wss-wssecurity-utility-1.0.xsd" xmlns:wsp="http://www.w3.org/ns/ws-policy" xmlns:wsp1_2="http://schemas.xmlsoap.org/ws/2004/09/policy" xmlns:wsam="http://www.w3.org/2007/05/addressing/metadata" xmlns:soap="http://schemas.xmlsoap.org/wsdl/soap/" xmlns:tns="http://juragandiskon.me.com/" xmlns:xsd="http://www.w3.org/2001/XMLSchema" xmlns="http://schemas.xmlsoap.org/wsdl/" targetNamespace="http://juragandiskon.me.com/" name="Catalog">
<types>
<xsd:schema>
<xsd:import namespace="http://juragandiskon.me.com/" schemaLocation="http://localhost:8080/MarketplaceWebService/Catalog?xsd=1"/>
</xsd:schema>
</types>
<message name="hello">
<part name="parameters" element="tns:hello"/>
</message>
<message name="helloResponse">
<part name="parameters" element="tns:helloResponse"/>
</message>
<message name="getCatalog">
<part name="parameters" element="tns:getCatalog"/>
</message>
<message name="getCatalogResponse">
<part name="parameters" element="tns:getCatalogResponse"/>
</message>
<message name="searchCatalog">
<part name="parameters" element="tns:searchCatalog"/>
</message>
<message name="searchCatalogResponse">
<part name="parameters" element="tns:searchCatalogResponse"/>
</message>
<portType name="Catalog">
<operation name="hello">
<input wsam:Action="http://juragandiskon.me.com/Catalog/helloRequest" message="tns:hello"/>
<output wsam:Action="http://juragandiskon.me.com/Catalog/helloResponse" message="tns:helloResponse"/>
</operation>
<operation name="getCatalog">
<input wsam:Action="http://juragandiskon.me.com/Catalog/getCatalogRequest" message="tns:getCatalog"/>
<output wsam:Action="http://juragandiskon.me.com/Catalog/getCatalogResponse" message="tns:getCatalogResponse"/>
</operation>
<operation name="searchCatalog">
<input wsam:Action="http://juragandiskon.me.com/Catalog/searchCatalogRequest" message="tns:searchCatalog"/>
<output wsam:Action="http://juragandiskon.me.com/Catalog/searchCatalogResponse" message="tns:searchCatalogResponse"/>
</operation>
</portType>
<binding name="CatalogPortBinding" type="tns:Catalog">
<soap:binding transport="http://schemas.xmlsoap.org/soap/http" style="document"/>
<operation name="hello">
<soap:operation soapAction=""/>
<input>
<soap:body use="literal"/>
</input>
<output>
<soap:body use="literal"/>
</output>
</operation>
<operation name="getCatalog">
<soap:operation soapAction=""/>
<input>
<soap:body use="literal"/>
</input>
<output>
<soap:body use="literal"/>
</output>
</operation>
<operation name="searchCatalog">
<soap:operation soapAction=""/>
<input>
<soap:body use="literal"/>
</input>
<output>
<soap:body use="literal"/>
</output>
</operation>
</binding>
<service name="Catalog">
<port name="CatalogPort" binding="tns:CatalogPortBinding">
<soap:address location="http://localhost:8080/MarketplaceWebService/Catalog"/>
</port>
</service>
</definitions>