<?xml version="1.0" encoding="UTF-8"?><!--
        *** GENERATED FROM jax-ws.xml - DO NOT EDIT !                             ***
        *** TO MODIFY wsimport options USE Web Service node -> Edit WS Attributes ***
        *** TO CHANGE TARGETS GENERATED TO jaxws-build.xml COPY THOSE             ***
        *** TARGETS TO ../build.xml AND MODIFY THAT FILE INSTEAD                  ***

        --><project xmlns:xalan="http://xml.apache.org/xslt" xmlns:webproject2="http://www.netbeans.org/ns/web-project/2" xmlns:jaxws="http://www.netbeans.org/ns/jax-ws/1">
    <!--
                ===================
                JAX-WS WSGEN SECTION
                ===================
            -->
    <!--
                ===================
                JAX-WS WSIMPORT SECTION
                ===================
            -->
    <target name="wsimport-init" depends="init">
        <fail if="${wsimport.bad.version}" message="WsImport ant task defined in the classpath ${j2ee.platform.wsimport.classpath} has a serious bug. See http://wiki.netbeans.org/MetroIssue for details."/>
        <mkdir dir="${build.generated.sources.dir}/jax-ws"/>
        <property name="j2ee.platform.wsimport.classpath" value="${libs.jaxws21.classpath}"/>
        <taskdef name="wsimport" classname="com.sun.tools.ws.ant.WsImport">
            <classpath path="${java.home}/../lib/tools.jar:${j2ee.platform.wsimport.classpath}:${javac.classpath}"/>
        </taskdef>
        <condition property="conf-dir" value="${conf.dir}/" else="">
            <isset property="conf.dir"/>
        </condition>
    </target>
    <target name="wsimport-client-Catalog" depends="wsimport-init">
        <mkdir dir="${build.generated.dir}/jax-wsCache/Catalog"/>
        <wsimport sourcedestdir="${build.generated.dir}/jax-wsCache/Catalog" destdir="${build.generated.dir}/jax-wsCache/Catalog" wsdl="${basedir}/${conf-dir}xml-resources/web-service-references/Catalog/wsdl/localhost_8081/MarketplaceWebService/Catalog.wsdl" catalog="catalog.xml" encoding="${source.encoding}" extension="true" verbose="true" fork="false" wsdlLocation="http://localhost:8081/MarketplaceWebService/Catalog?wsdl" xnocompile="true" xendorsed="true">
            <depends file="${basedir}/${conf-dir}xml-resources/web-service-references/Catalog/wsdl/localhost_8081/MarketplaceWebService/Catalog.wsdl"/>
            <produces dir="${build.generated.dir}/jax-wsCache/Catalog"/>
        </wsimport>
        <copy todir="${build.generated.sources.dir}/jax-ws">
            <fileset dir="${build.generated.dir}/jax-wsCache/Catalog">
                <include name="**/*.java"/>
            </fileset>
        </copy>
    </target>
    <target name="wsimport-client-clean-Catalog" depends="-init-project">
        <delete dir="${build.generated.sources.dir}/jax-ws/com/me/juragandiskon"/>
        <delete dir="${build.generated.dir}/jax-wsCache/Catalog"/>
    </target>
    <target name="wsimport-client-YourProduct" depends="wsimport-init">
        <mkdir dir="${build.generated.dir}/jax-wsCache/YourProduct"/>
        <wsimport sourcedestdir="${build.generated.dir}/jax-wsCache/YourProduct" destdir="${build.generated.dir}/jax-wsCache/YourProduct" wsdl="${basedir}/${conf-dir}xml-resources/web-service-references/YourProduct/wsdl/localhost_8081/MarketplaceWebService/YourProduct.wsdl" catalog="catalog.xml" encoding="${source.encoding}" extension="true" verbose="true" fork="false" wsdlLocation="http://localhost:8081/MarketplaceWebService/YourProduct?wsdl" xnocompile="true" xendorsed="true">
            <depends file="${basedir}/${conf-dir}xml-resources/web-service-references/YourProduct/wsdl/localhost_8081/MarketplaceWebService/YourProduct.wsdl"/>
            <produces dir="${build.generated.dir}/jax-wsCache/YourProduct"/>
        </wsimport>
        <copy todir="${build.generated.sources.dir}/jax-ws">
            <fileset dir="${build.generated.dir}/jax-wsCache/YourProduct">
                <include name="**/*.java"/>
            </fileset>
        </copy>
    </target>
    <target name="wsimport-client-clean-YourProduct" depends="-init-project">
        <delete dir="${build.generated.sources.dir}/jax-ws/com/me/juragandiskon"/>
        <delete dir="${build.generated.dir}/jax-wsCache/YourProduct"/>
    </target>
    <target name="wsimport-client-ConfirmationPurchase" depends="wsimport-init">
        <mkdir dir="${build.generated.dir}/jax-wsCache/ConfirmationPurchase"/>
        <wsimport sourcedestdir="${build.generated.dir}/jax-wsCache/ConfirmationPurchase" destdir="${build.generated.dir}/jax-wsCache/ConfirmationPurchase" wsdl="${basedir}/${conf-dir}xml-resources/web-service-references/ConfirmationPurchase/wsdl/localhost_8081/MarketplaceWebService/ConfirmationPurchase.wsdl" catalog="catalog.xml" encoding="${source.encoding}" extension="true" verbose="true" fork="false" wsdlLocation="http://localhost:8081/MarketplaceWebService/ConfirmationPurchase?wsdl" xnocompile="true" xendorsed="true">
            <depends file="${basedir}/${conf-dir}xml-resources/web-service-references/ConfirmationPurchase/wsdl/localhost_8081/MarketplaceWebService/ConfirmationPurchase.wsdl"/>
            <produces dir="${build.generated.dir}/jax-wsCache/ConfirmationPurchase"/>
        </wsimport>
        <copy todir="${build.generated.sources.dir}/jax-ws">
            <fileset dir="${build.generated.dir}/jax-wsCache/ConfirmationPurchase">
                <include name="**/*.java"/>
            </fileset>
        </copy>
    </target>
    <target name="wsimport-client-clean-ConfirmationPurchase" depends="-init-project">
        <delete dir="${build.generated.sources.dir}/jax-ws/com/me/juragandiskon"/>
        <delete dir="${build.generated.dir}/jax-wsCache/ConfirmationPurchase"/>
    </target>
    <target name="wsimport-client-EditProduct" depends="wsimport-init">
        <mkdir dir="${build.generated.dir}/jax-wsCache/EditProduct"/>
        <wsimport sourcedestdir="${build.generated.dir}/jax-wsCache/EditProduct" destdir="${build.generated.dir}/jax-wsCache/EditProduct" wsdl="${basedir}/${conf-dir}xml-resources/web-service-references/EditProduct/wsdl/localhost_8081/MarketplaceWebService/EditProduct.wsdl" catalog="catalog.xml" encoding="${source.encoding}" extension="true" verbose="true" fork="false" wsdlLocation="http://localhost:8081/MarketplaceWebService/EditProduct?wsdl" xnocompile="true" xendorsed="true">
            <depends file="${basedir}/${conf-dir}xml-resources/web-service-references/EditProduct/wsdl/localhost_8081/MarketplaceWebService/EditProduct.wsdl"/>
            <produces dir="${build.generated.dir}/jax-wsCache/EditProduct"/>
        </wsimport>
        <copy todir="${build.generated.sources.dir}/jax-ws">
            <fileset dir="${build.generated.dir}/jax-wsCache/EditProduct">
                <include name="**/*.java"/>
            </fileset>
        </copy>
    </target>
    <target name="wsimport-client-clean-EditProduct" depends="-init-project">
        <delete dir="${build.generated.sources.dir}/jax-ws/com/me/juragandiskon"/>
        <delete dir="${build.generated.dir}/jax-wsCache/EditProduct"/>
    </target>
    <target name="wsimport-client-generate" depends="wsimport-client-Catalog, wsimport-client-YourProduct, wsimport-client-ConfirmationPurchase, wsimport-client-EditProduct"/>
</project>
