<?xml version="1.0" encoding="UTF-8"?>
<jax-ws xmlns="http://www.netbeans.org/ns/jax-ws/1">
  <services>
    <service name="Catalog">
      <implementation-class>com.me.juragandiskon.Catalog</implementation-class>
    </service>
    <service name="YourProduct">
      <implementation-class>com.me.juragandiskon.YourProduct</implementation-class>
    </service>
    <service name="ConfirmationPurchase">
      <implementation-class>com.me.juragandiskon.ConfirmationPurchase</implementation-class>
    </service>
    <service name="EditProduct">
      <implementation-class>com.me.juragandiskon.EditProduct</implementation-class>
    </service>
  </services>
  <clients/>
</jax-ws>
