<?xml version="1.0" encoding="UTF-8" standalone="no"?>
<catalog xmlns="urn:oasis:names:tc:entity:xmlns:xml:catalog" prefer="system">
    <system systemId="http://localhost:8080/MarketplaceWebService/Catalog?wsdl" uri="wsdl/localhost_8080/MarketplaceWebService/Catalog.wsdl"/>
    <system systemId="http://localhost:8080/MarketplaceWebService/Catalog?xsd=1" uri="wsdl/localhost_8080/MarketplaceWebService/Catalog.xsd_1.xsd"/>
    <system systemId="http://localhost:8080/MarketplaceWebService/YourProduct?wsdl" uri="wsdl/localhost_8080/MarketplaceWebService/YourProduct.wsdl"/>
    <system systemId="http://localhost:8080/MarketplaceWebService/YourProduct?xsd=1" uri="wsdl/localhost_8080/MarketplaceWebService/YourProduct.xsd_1.xsd"/>
    <system systemId="http://localhost:8080/MarketplaceWebService/ConfirmationPurchase?wsdl" uri="wsdl/localhost_8080/MarketplaceWebService/ConfirmationPurchase.wsdl"/>
    <system systemId="http://localhost:8080/MarketplaceWebService/ConfirmationPurchase?xsd=1" uri="wsdl/localhost_8080/MarketplaceWebService/ConfirmationPurchase.xsd_1.xsd"/>
    <system systemId="http://localhost:8080/MarketplaceWebService/EditProduct?wsdl" uri="wsdl/localhost_8080/MarketplaceWebService/EditProduct.wsdl"/>
    <system systemId="http://localhost:8080/MarketplaceWebService/EditProduct?xsd=1" uri="wsdl/localhost_8080/MarketplaceWebService/EditProduct.xsd_1.xsd"/>
    <system systemId="http://localhost:8081/MarketplaceWebService/Catalog?wsdl" uri="wsdl/localhost_8081/MarketplaceWebService/Catalog.wsdl"/>
    <system systemId="http://localhost:8081/MarketplaceWebService/Catalog?xsd=1" uri="wsdl/localhost_8081/MarketplaceWebService/Catalog.xsd_1.xsd"/>
    <system systemId="http://localhost:8081/MarketplaceWebService/YourProduct?wsdl" uri="wsdl/localhost_8081/MarketplaceWebService/YourProduct.wsdl"/>
    <system systemId="http://localhost:8081/MarketplaceWebService/YourProduct?xsd=1" uri="wsdl/localhost_8081/MarketplaceWebService/YourProduct.xsd_1.xsd"/>
    <system systemId="http://localhost:8081/MarketplaceWebService/ConfirmationPurchase?wsdl" uri="wsdl/localhost_8081/MarketplaceWebService/ConfirmationPurchase.wsdl"/>
    <system systemId="http://localhost:8081/MarketplaceWebService/ConfirmationPurchase?xsd=1" uri="wsdl/localhost_8081/MarketplaceWebService/ConfirmationPurchase.xsd_1.xsd"/>
    <system systemId="http://localhost:8081/MarketplaceWebService/EditProduct?wsdl" uri="wsdl/localhost_8081/MarketplaceWebService/EditProduct.wsdl"/>
    <system systemId="http://localhost:8081/MarketplaceWebService/EditProduct?xsd=1" uri="wsdl/localhost_8081/MarketplaceWebService/EditProduct.xsd_1.xsd"/>
</catalog>